;"YEAR";"P_KIA_NEW";"P_MOSHI_NEW";"P_MEAN_NEW";"ENSO";"IOD";"wetdry";"type";"phase";"phase_wd";"wd_numeric"
1;"1973-01-01";"134.9";"92.6";"113.75";;;"D";"meanPre";1;11;1
2;"1973-02-01";"102.4";"34.4";"68.4";;;"D";"meanPre";1;11;1
3;"1973-03-01";"1.5";"5.3";"3.4";;;"W";"meanPre";1;12;2
4;"1973-04-01";"167.6";"205.3";"186.45";;;"W";"meanPre";1;12;2
5;"1973-05-01";"49.9";"51.8";"50.85";;;"W";"meanPre";1;12;2
6;"1973-06-01";"15.1";"26.1";"20.6";;;"D";"meanPre";1;13;3
7;"1973-07-01";"0.3";"1.9";"1.1";"SL";;"D";"meanPre";1;13;3
8;"1973-08-01";"1.1";"5.2";"3.15";"SL";;"D";"meanPre";1;13;3
9;"1973-09-01";"0.4";"0.1";"0.25";"SL";;"D";"meanPre";1;13;3
10;"1973-10-01";"13.7";"7.8";"10.75";"SL";;"W";"meanPre";1;14;4
11;"1973-11-01";"9.5";"44.3";"26.9";"SL";;"W";"meanPre";1;14;4
12;"1973-12-01";"34.5";"37.1";"35.8";"SL";;"W";"meanPre";1;14;4
13;"1974-01-01";"0.6";"33.6";"17.1";"SL";;"D";"meanPre";1;11;1
14;"1974-02-01";79;"9.2";"44.1";"SL";;"D";"meanPre";1;11;1
15;"1974-03-01";"16.4";"48.5";"32.45";"SL";;"W";"meanPre";1;12;2
16;"1974-04-01";"158.7";"724.5";"441.6";"SL";;"W";"meanPre";1;12;2
17;"1974-05-01";"23.5";"45.7";"34.6";"SL";;"W";"meanPre";1;12;2
18;"1974-06-01";"10.8";82;"46.4";"SL";;"D";"meanPre";1;13;3
19;"1974-07-01";"6.3";"5.3";"5.8";"WL";"M";"D";"meanPre";1;13;3
20;"1974-08-01";"2.1";"7.3";"4.7";"WL";"M";"D";"meanPre";1;13;3
21;"1974-09-01";"0.1";"0.7";"0.4";"WL";"M";"D";"meanPre";1;13;3
22;"1974-10-01";"1.3";"0.6";"0.95";"WL";"M";"W";"meanPre";1;14;4
23;"1974-11-01";"6.8";"40.4";"23.6";"WL";"M";"W";"meanPre";1;14;4
24;"1974-12-01";"1.2";"15.7";"8.45";"WL";"M";"W";"meanPre";1;14;4
25;"1975-01-01";"2.6";"24.1";"13.35";"WL";"M";"D";"meanPre";1;11;1
26;"1975-02-01";"2.9";"23.4";"13.15";"WL";"M";"D";"meanPre";1;11;1
27;"1975-03-01";"27.9";"68.4";"48.15";"WL";"M";"W";"meanPre";1;12;2
28;"1975-04-01";"55.4";"347.1";"201.25";"WL";"M";"W";"meanPre";1;12;2
29;"1975-05-01";"73.1";"63.1";"68.1";"WL";"M";"W";"meanPre";1;12;2
30;"1975-06-01";"5.1";"5.7";"5.4";"WL";"M";"D";"meanPre";1;13;3
31;"1975-07-01";"19.4";"38.1";"28.75";"SL";"M";"D";"meanPre";1;13;3
32;"1975-08-01";0;"0.1";"0.05";"SL";"M";"D";"meanPre";1;13;3
33;"1975-09-01";"46.1";"65.6";"55.85";"SL";"M";"D";"meanPre";1;13;3
34;"1975-10-01";"5.4";"2.1";"3.75";"SL";"M";"W";"meanPre";1;14;4
35;"1975-11-01";"4.9";"6.1";"5.5";"SL";"M";"W";"meanPre";1;14;4
36;"1975-12-01";"18.5";11;"14.75";"SL";"M";"W";"meanPre";1;14;4
37;"1976-01-01";9;"7.5";"8.25";"SL";"M";"D";"meanPre";1;11;1
38;"1976-02-01";"116.5";"42.5";"79.5";"SL";"M";"D";"meanPre";1;11;1
39;"1976-03-01";"19.9";"119.3";"69.6";"SL";"M";"W";"meanPre";1;12;2
40;"1976-04-01";"129.9";"236.8";"183.35";"SL";"M";"W";"meanPre";1;12;2
41;"1976-05-01";"67.3";"83.6";"75.45";"SL";"M";"W";"meanPre";1;12;2
42;"1976-06-01";"12.2";"32.2";"22.2";"SL";"M";"D";"meanPre";1;13;3
43;"1976-07-01";"2.7";"3.5";"3.1";"WE";;"D";"meanPre";1;13;3
44;"1976-08-01";0;"2.2";"1.1";"WE";;"D";"meanPre";1;13;3
45;"1976-09-01";"30.5";"20.5";"25.5";"WE";;"D";"meanPre";1;13;3
46;"1976-10-01";0;"0.1";"0.05";"WE";;"W";"meanPre";1;14;4
47;"1976-11-01";"3.6";"16.2";"9.9";"WE";;"W";"meanPre";1;14;4
48;"1976-12-01";"35.2";"51.5";"43.35";"WE";;"W";"meanPre";1;14;4
49;"1977-01-01";"21.1";"14.7";"17.9";"WE";;"D";"meanPre";1;11;1
50;"1977-02-01";"61.5";"74.9";"68.2";"WE";;"D";"meanPre";1;11;1
51;"1977-03-01";"36.2";"80.6";"58.4";"WE";;"W";"meanPre";1;12;2
52;"1977-04-01";"180.6";"460.5";"320.55";"WE";;"W";"meanPre";1;12;2
53;"1977-05-01";"30.4";"171.6";101;"WE";;"W";"meanPre";1;12;2
54;"1977-06-01";"5.7";"14.9";"10.3";"WE";;"D";"meanPre";1;13;3
55;"1977-07-01";"0.9";4;"2.45";"WE";"P";"D";"meanPre";1;13;3
56;"1977-08-01";"20.2";"27.6";"23.9";"WE";"P";"D";"meanPre";1;13;3
57;"1977-09-01";"2.6";"11.4";7;"WE";"P";"D";"meanPre";1;13;3
58;"1977-10-01";"45.9";80;"62.95";"WE";"P";"W";"meanPre";1;14;4
59;"1977-11-01";"26.1";"50.4";"38.25";"WE";"P";"W";"meanPre";1;14;4
60;"1977-12-01";"16.6";"15.6";"16.1";"WE";"P";"W";"meanPre";1;14;4
61;"1978-01-01";"194.4";"71.7";"133.05";"WE";"P";"D";"meanPre";1;11;1
62;"1978-02-01";"80.6";"62.4";"71.5";"WE";"P";"D";"meanPre";1;11;1
63;"1978-03-01";"308.3";"320.3";"314.3";"WE";"P";"W";"meanPre";1;12;2
64;"1978-04-01";"275.4";"250.3";"262.85";"WE";"P";"W";"meanPre";1;12;2
65;"1978-05-01";"32.6";"117.9";"75.25";"WE";"P";"W";"meanPre";1;12;2
66;"1978-06-01";"11.3";"25.7";"18.5";"WE";"P";"D";"meanPre";1;13;3
67;"1978-07-01";0;"5.1";"2.55";;;"D";"meanPre";1;13;3
68;"1978-08-01";0;"0.4";"0.2";;;"D";"meanPre";1;13;3
69;"1978-09-01";0;0;0;;;"D";"meanPre";1;13;3
70;"1978-10-01";"1.4";"3.8";"2.6";;;"W";"meanPre";1;14;4
71;"1978-11-01";"47.2";"145.2";"96.2";;;"W";"meanPre";1;14;4
72;"1978-12-01";"91.8";"57.8";"74.8";;;"W";"meanPre";1;14;4
73;"1979-01-01";"54.1";"107.6";"80.85";;;"D";"meanPre";1;11;1
74;"1979-02-01";"87.7";"39.5";"63.6";;;"D";"meanPre";1;11;1
75;"1979-03-01";"62.4";"127.3";"94.85";;;"W";"meanPre";1;12;2
76;"1979-04-01";"298.2";"709.9";"504.05";;;"W";"meanPre";1;12;2
77;"1979-05-01";158;229;"193.5";;;"W";"meanPre";1;12;2
78;"1979-06-01";"33.5";"48.3";"40.9";;;"D";"meanPre";1;13;3
79;"1979-07-01";7;81;44;;;"D";"meanPre";1;13;3
80;"1979-08-01";0;"11.4";"5.7";;;"D";"meanPre";1;13;3
81;"1979-09-01";"4.5";"23.6";"14.05";;;"D";"meanPre";1;13;3
82;"1979-10-01";"0.2";"0.7";"0.45";;;"W";"meanPre";1;14;4
83;"1979-11-01";"30.9";"41.4";"36.15";;;"W";"meanPre";1;14;4
84;"1979-12-01";16;"35.8";"25.9";;;"W";"meanPre";1;14;4
85;"1980-01-01";"13.8";"13.7";"13.75";;;"D";"meanPre";1;11;1
86;"1980-02-01";"5.3";"12.3";"8.8";;;"D";"meanPre";1;11;1
87;"1980-03-01";"41.7";"90.3";66;;;"W";"meanPre";1;12;2
88;"1980-04-01";118;346;232;;;"W";"meanPre";1;12;2
89;"1980-05-01";48;"215.2";"131.6";;;"W";"meanPre";1;12;2
90;"1980-06-01";0;"5.2";"2.6";;;"D";"meanPre";1;13;3
91;"1980-07-01";0;"8.4";"4.2";;;"D";"meanPre";1;13;3
92;"1980-08-01";"25.9";"59.7";"42.8";;;"D";"meanPre";1;13;3
93;"1980-09-01";2;"4.3";"3.15";;;"D";"meanPre";1;13;3
94;"1980-10-01";"36.6";"33.1";"34.85";;;"W";"meanPre";1;14;4
95;"1980-11-01";"42.7";"81.6";"62.15";;;"W";"meanPre";1;14;4
96;"1980-12-01";"57.9";"9.7";"33.8";;;"W";"meanPre";1;14;4
97;"1981-01-01";"25.4";"15.6";"20.5";;;"D";"meanPre";1;11;1
98;"1981-02-01";"58.9";"11.3";"35.1";;;"D";"meanPre";1;11;1
99;"1981-03-01";"109.1";"119.5";"114.3";;;"W";"meanPre";1;12;2
100;"1981-04-01";"144.1";"441.1";"292.6";;;"W";"meanPre";1;12;2
101;"1981-05-01";"151.4";"244.9";"198.15";;;"W";"meanPre";1;12;2
102;"1981-06-01";"0.2";"9.7";"4.95";;;"D";"meanPre";1;13;3
103;"1981-07-01";"0.4";"2.9";"1.65";;;"D";"meanPre";1;13;3
104;"1981-08-01";11;"13.8";"12.4";;;"D";"meanPre";1;13;3
105;"1981-09-01";10;"4.7";"7.35";;;"D";"meanPre";1;13;3
106;"1981-10-01";"69.7";"76.2";"72.95";;;"W";"meanPre";1;14;4
107;"1981-11-01";"26.9";"32.8";"29.85";;;"W";"meanPre";1;14;4
108;"1981-12-01";"26.3";38;"32.15";;;"W";"meanPre";1;14;4
109;"1982-01-01";0;"13.5";"6.75";;;"D";"meanPre";1;11;1
110;"1982-02-01";11;19;15;;;"D";"meanPre";1;11;1
111;"1982-03-01";"79.9";"113.9";"96.9";;;"W";"meanPre";1;12;2
112;"1982-04-01";"123.8";"90.7";"107.25";;;"W";"meanPre";1;12;2
113;"1982-05-01";"146.3";"216.6";"181.45";;;"W";"meanPre";1;12;2
114;"1982-06-01";19;"83.7";"51.35";;;"D";"meanPre";1;13;3
115;"1982-07-01";"30.1";"44.7";"37.4";"SE";"P";"D";"meanPre";1;13;3
116;"1982-08-01";"17.2";"14.2";"15.7";"SE";"P";"D";"meanPre";1;13;3
117;"1982-09-01";"19.5";"23.3";"21.4";"SE";"P";"D";"meanPre";1;13;3
118;"1982-10-01";"216.8";"51.5";"134.15";"SE";"P";"W";"meanPre";1;14;4
119;"1982-11-01";273;"263.6";"268.3";"SE";"P";"W";"meanPre";1;14;4
120;"1982-12-01";"49.3";"111.8";"80.55";"SE";"P";"W";"meanPre";1;14;4
121;"1983-01-01";0;"11.6";"5.8";"SE";"P";"D";"meanPre";1;11;1
122;"1983-02-01";"39.2";"31.9";"35.55";"SE";"P";"D";"meanPre";1;11;1
123;"1983-03-01";"59.1";"54.1";"56.6";"SE";"P";"W";"meanPre";1;12;2
124;"1983-04-01";"30.3";"217.4";"123.85";"SE";"P";"W";"meanPre";1;12;2
125;"1983-05-01";"83.9";"217.3";"150.6";"SE";"P";"W";"meanPre";1;12;2
126;"1983-06-01";"25.3";"34.6";"29.95";"SE";"P";"D";"meanPre";1;13;3
127;"1983-07-01";"2.8";"26.9";"14.85";"WL";"P";"D";"meanPre";1;13;3
128;"1983-08-01";0;"0.7";"0.35";"WL";"P";"D";"meanPre";1;13;3
129;"1983-09-01";0;"3.3";"1.65";"WL";"P";"D";"meanPre";1;13;3
130;"1983-10-01";"0.6";"8.8";"4.7";"WL";"P";"W";"meanPre";1;14;4
131;"1983-11-01";"13.7";"35.2";"24.45";"WL";"P";"W";"meanPre";1;14;4
132;"1983-12-01";"86.6";"67.7";"77.15";"WL";"P";"W";"meanPre";1;14;4
133;"1984-01-01";"31.6";"38.7";"35.15";"WL";"P";"D";"meanPre";1;11;1
134;"1984-02-01";"2.5";"1.9";"2.2";"WL";"P";"D";"meanPre";1;11;1
135;"1984-03-01";"11.6";"13.7";"12.65";"WL";"P";"W";"meanPre";1;12;2
136;"1984-04-01";122;"553.5";"337.75";"WL";"P";"W";"meanPre";1;12;2
137;"1984-05-01";"38.1";"58.9";"48.5";"WL";"P";"W";"meanPre";1;12;2
138;"1984-06-01";"12.1";"72.2";"42.15";"WL";"P";"D";"meanPre";1;13;3
139;"1984-07-01";"12.8";"76.9";"44.85";"WL";;"D";"meanPre";1;13;3
140;"1984-08-01";"0.4";"0.6";"0.5";"WL";;"D";"meanPre";1;13;3
141;"1984-09-01";"0.1";"4.2";"2.15";"WL";;"D";"meanPre";1;13;3
142;"1984-10-01";"6.4";31;"18.7";"WL";;"W";"meanPre";1;14;4
143;"1984-11-01";"61.5";"95.2";"78.35";"WL";;"W";"meanPre";1;14;4
144;"1984-12-01";33;"57.6";"45.3";"WL";;"W";"meanPre";1;14;4
145;"1985-01-01";"8.3";"14.3";"11.3";"WL";;"D";"meanPre";1;11;1
146;"1985-02-01";"73.9";"99.2";"86.55";"WL";;"D";"meanPre";1;11;1
147;"1985-03-01";"49.5";"146.5";98;"WL";;"W";"meanPre";1;12;2
148;"1985-04-01";"146.1";"200.7";"173.4";"WL";;"W";"meanPre";1;12;2
149;"1985-05-01";"81.1";"173.2";"127.15";"WL";;"W";"meanPre";1;12;2
150;"1985-06-01";"2.4";"28.1";"15.25";"WL";;"D";"meanPre";1;13;3
151;"1985-07-01";"3.1";"12.4";"7.75";;;"D";"meanPre";1;13;3
152;"1985-08-01";"0.1";"15.8";"7.95";;;"D";"meanPre";1;13;3
153;"1985-09-01";"1.7";"3.2";"2.45";;;"D";"meanPre";1;13;3
154;"1985-10-01";"34.7";40;"37.35";;;"W";"meanPre";1;14;4
155;"1985-11-01";"82.7";"116.2";"99.45";;;"W";"meanPre";1;14;4
156;"1985-12-01";"68.4";"63.7";"66.05";;;"W";"meanPre";1;14;4
157;"1986-01-01";"158.6";"87.6";"123.1";;;"D";"meanPre";1;11;1
158;"1986-02-01";"4.8";"5.4";"5.1";;;"D";"meanPre";1;11;1
159;"1986-03-01";"7.9";"164.5";"86.2";;;"W";"meanPre";1;12;2
160;"1986-04-01";"170.1";"387.6";"278.85";;;"W";"meanPre";1;12;2
161;"1986-05-01";"159.4";"208.1";"183.75";;;"W";"meanPre";1;12;2
162;"1986-06-01";17;"29.5";"23.25";;;"D";"meanPre";1;13;3
163;"1986-07-01";"0.9";"2.2";"1.55";"ME";;"D";"meanPre";1;13;3
164;"1986-08-01";"28.2";7;"17.6";"ME";;"D";"meanPre";1;13;3
165;"1986-09-01";0;"1.4";"0.7";"ME";;"D";"meanPre";1;13;3
166;"1986-10-01";"13.9";"43.8";"28.85";"ME";;"W";"meanPre";1;14;4
167;"1986-11-01";"42.8";"58.7";"50.75";"ME";;"W";"meanPre";1;14;4
168;"1986-12-01";"125.3";"89.2";"107.25";"ME";;"W";"meanPre";1;14;4
169;"1987-01-01";"93.3";"39.8";"66.55";"ME";;"D";"meanPre";1;11;1
170;"1987-02-01";"5.4";"8.8";"7.1";"ME";;"D";"meanPre";1;11;1
171;"1987-03-01";47;25;36;"ME";;"W";"meanPre";1;12;2
172;"1987-04-01";"111.9";116;"113.95";"ME";;"W";"meanPre";1;12;2
173;"1987-05-01";"103.9";"97.1";"100.5";"ME";;"W";"meanPre";1;12;2
174;"1987-06-01";"3.8";"0.3";"2.05";"ME";;"D";"meanPre";1;13;3
175;"1987-07-01";"7.4";"58.4";"32.9";"SE";;"D";"meanPre";1;13;3
176;"1987-08-01";"31.7";"60.8";"46.25";"SE";;"D";"meanPre";1;13;3
177;"1987-09-01";0;"3.4";"1.7";"SE";;"D";"meanPre";1;13;3
178;"1987-10-01";"0.9";"0.6";"0.75";"SE";;"W";"meanPre";1;14;4
179;"1987-11-01";"42.9";"13.4";"28.15";"SE";;"W";"meanPre";1;14;4
180;"1987-12-01";"4.6";"19.6";"12.1";"SE";;"W";"meanPre";1;14;4
181;"1988-01-01";"20.2";"60.8";"40.5";"SE";;"D";"meanPre";1;11;1
182;"1988-02-01";"9.8";"8.6";"9.2";"SE";;"D";"meanPre";1;11;1
183;"1988-03-01";"166.9";"179.8";"173.35";"SE";;"W";"meanPre";1;12;2
184;"1988-04-01";"210.2";"534.8";"372.5";"SE";;"W";"meanPre";1;12;2
185;"1988-05-01";"21.8";"128.6";"75.2";"SE";;"W";"meanPre";1;12;2
186;"1988-06-01";"18.8";"22.4";"20.6";"SE";;"D";"meanPre";1;13;3
187;"1988-07-01";"3.4";"7.2";"5.3";"SL";;"D";"meanPre";1;13;3
188;"1988-08-01";"13.5";"4.8";"9.15";"SL";;"D";"meanPre";1;13;3
189;"1988-09-01";"7.6";"37.5";"22.55";"SL";;"D";"meanPre";1;13;3
190;"1988-10-01";"0.9";"1.2";"1.05";"SL";;"W";"meanPre";1;14;4
191;"1988-11-01";"9.4";"27.5";"18.45";"SL";;"W";"meanPre";1;14;4
192;"1988-12-01";"79.3";"79.1";"79.2";"SL";;"W";"meanPre";1;14;4
193;"1989-01-01";"48.1";76;"62.05";"SL";;"D";"meanPre";1;11;1
194;"1989-02-01";"8.6";"0.7";"4.65";"SL";;"D";"meanPre";1;11;1
195;"1989-03-01";31;"103.2";"67.1";"SL";;"W";"meanPre";1;12;2
196;"1989-04-01";229;"278.5";"253.75";"SL";;"W";"meanPre";1;12;2
197;"1989-05-01";"56.4";"156.9";"106.65";"SL";;"W";"meanPre";1;12;2
198;"1989-06-01";"3.5";"16.2";"9.85";"SL";;"D";"meanPre";1;13;3
199;"1989-07-01";0;3;"1.5";;"M";"D";"meanPre";1;13;3
200;"1989-08-01";"7.4";"17.9";"12.65";;"M";"D";"meanPre";1;13;3
201;"1989-09-01";"9.8";"10.3";"10.05";;"M";"D";"meanPre";1;13;3
202;"1989-10-01";2;"14.2";"8.1";;"M";"W";"meanPre";1;14;4
203;"1989-11-01";52;"5.6";"28.8";;"M";"W";"meanPre";1;14;4
204;"1989-12-01";"101.7";"107.3";"104.5";;"M";"W";"meanPre";1;14;4
205;"1990-01-01";"23.3";52;"37.65";;"M";"D";"meanPre";1;11;1
206;"1990-02-01";"85.5";"45.7";"65.6";;"M";"D";"meanPre";1;11;1
207;"1990-03-01";"179.7";"244.9";"212.3";;"M";"W";"meanPre";1;12;2
208;"1990-04-01";242;"633.9";"437.95";;"M";"W";"meanPre";1;12;2
209;"1990-05-01";32;"49.5";"40.75";;"M";"W";"meanPre";1;12;2
210;"1990-06-01";"1.7";"6.4";"4.05";;"M";"D";"meanPre";1;13;3
211;"1990-07-01";"0.9";"8.8";"4.85";;;"D";"meanPre";1;13;3
212;"1990-08-01";0;"6.2";"3.1";;;"D";"meanPre";1;13;3
213;"1990-09-01";0;4;2;;;"D";"meanPre";1;13;3
214;"1990-10-01";"9.9";"39.8";"24.85";;;"W";"meanPre";1;14;4
215;"1990-11-01";"76.6";"173.7";"125.15";;;"W";"meanPre";1;14;4
216;"1990-12-01";"29.5";"43.4";"36.45";;;"W";"meanPre";1;14;4
217;"1991-01-01";"47.7";"126.3";87;;;"D";"meanPre";1;11;1
218;"1991-02-01";0;18;9;;;"D";"meanPre";1;11;1
219;"1991-03-01";"80.3";"78.4";"79.35";;;"W";"meanPre";1;12;2
220;"1991-04-01";"35.3";"168.5";"101.9";;;"W";"meanPre";1;12;2
221;"1991-05-01";"92.1";"283.7";"187.9";;;"W";"meanPre";1;12;2
222;"1991-06-01";"0.6";"5.5";"3.05";;;"D";"meanPre";1;13;3
223;"1991-07-01";"15.3";"6.7";11;"ME";;"D";"meanPre";1;13;3
224;"1991-08-01";"13.1";"29.7";"21.4";"ME";;"D";"meanPre";1;13;3
225;"1991-09-01";0;"26.8";"13.4";"ME";;"D";"meanPre";1;13;3
226;"1991-10-01";0;"16.7";"8.35";"ME";;"W";"meanPre";1;14;4
227;"1991-11-01";"5.2";"38.1";"21.65";"ME";;"W";"meanPre";1;14;4
228;"1991-12-01";"59.1";"105.6";"82.35";"ME";;"W";"meanPre";1;14;4
229;"1992-01-01";0;"2.9";"1.45";"ME";;"D";"meanPre";1;11;1
230;"1992-02-01";"71.7";"16.9";"44.3";"ME";;"D";"meanPre";1;11;1
231;"1992-03-01";"7.4";"37.9";"22.65";"ME";;"W";"meanPre";1;12;2
232;"1992-04-01";"162.1";"446.8";"304.45";"ME";;"W";"meanPre";1;12;2
233;"1992-05-01";"73.5";"215.5";"144.5";"ME";;"W";"meanPre";1;12;2
234;"1992-06-01";"13.8";"3.1";"8.45";"ME";;"D";"meanPre";1;13;3
235;"1992-07-01";9;"14.4";"11.7";;;"D";"meanPre";1;13;3
236;"1992-08-01";"0.2";"24.1";"12.15";;;"D";"meanPre";1;13;3
237;"1992-09-01";0;"0.8";"0.4";;;"D";"meanPre";1;13;3
238;"1992-10-01";0;"0.1";"0.05";;;"W";"meanPre";1;14;4
239;"1992-11-01";"72.1";"91.8";"81.95";;;"W";"meanPre";1;14;4
240;"1992-12-01";"34.3";"52.4";"43.35";;;"W";"meanPre";1;14;4
241;"1993-01-01";"118.1";"111.1";"114.6";;;"D";"meanPre";1;11;1
242;"1993-02-01";"43.5";"54.7";"49.1";;;"D";"meanPre";1;11;1
243;"1993-03-01";5;"73.5";"39.25";;;"W";"meanPre";1;12;2
244;"1993-04-01";"50.5";"46.6";"48.55";;;"W";"meanPre";1;12;2
245;"1993-05-01";"47.1";"103.6";"75.35";;;"W";"meanPre";1;12;2
246;"1993-06-01";"1.7";"5.8";"3.75";;;"D";"meanPre";1;13;3
247;"1993-07-01";3;"8.2";"5.6";;;"D";"meanPre";1;13;3
248;"1993-08-01";"7.6";"12.5";"10.05";;;"D";"meanPre";1;13;3
249;"1993-09-01";0;0;0;;;"D";"meanPre";1;13;3
250;"1993-10-01";"13.3";35;"24.15";;;"W";"meanPre";1;14;4
251;"1993-11-01";"10.7";"45.2";"27.95";;;"W";"meanPre";1;14;4
252;"1993-12-01";"19.2";"32.2";"25.7";;;"W";"meanPre";1;14;4
253;"1994-01-01";"2.7";"4.7";"3.7";;;"D";"meanPre";1;11;1
254;"1994-02-01";"63.9";"41.9";"52.9";;;"D";"meanPre";1;11;1
255;"1994-03-01";"66.7";"124.8";"95.75";;;"W";"meanPre";1;12;2
256;"1994-04-01";"79.4";"174.4";"126.9";;;"W";"meanPre";1;12;2
257;"1994-05-01";"68.2";"178.3";"123.25";;;"W";"meanPre";1;12;2
258;"1994-06-01";"0.8";"8.9";"4.85";;;"D";"meanPre";1;13;3
259;"1994-07-01";"12.6";"13.6";"13.1";"ME";"P";"D";"meanPre";1;13;3
260;"1994-08-01";0;"2.7";"1.35";"ME";"P";"D";"meanPre";1;13;3
261;"1994-09-01";"1.1";"2.7";"1.9";"ME";"P";"D";"meanPre";1;13;3
262;"1994-10-01";"4.3";"70.8";"37.55";"ME";"P";"W";"meanPre";1;14;4
263;"1994-11-01";"27.3";"27.5";"27.4";"ME";"P";"W";"meanPre";1;14;4
264;"1994-12-01";39;"68.4";"53.7";"ME";"P";"W";"meanPre";1;14;4
265;"1995-01-01";31;"11.1";"21.05";"ME";"P";"D";"meanPre";1;11;1
266;"1995-02-01";"70.6";"38.8";"54.7";"ME";"P";"D";"meanPre";1;11;1
267;"1995-03-01";"30.2";"71.9";"51.05";"ME";"P";"W";"meanPre";1;12;2
268;"1995-04-01";"203.2";508;"355.6";"ME";"P";"W";"meanPre";1;12;2
269;"1995-05-01";107;"210.9";"158.95";"ME";"P";"W";"meanPre";1;12;2
270;"1995-06-01";0;"4.1";"2.05";"ME";"P";"D";"meanPre";1;13;3
271;"1995-07-01";"1.1";"6.4";"3.75";"WL";;"D";"meanPre";1;13;3
272;"1995-08-01";"7.5";"17.7";"12.6";"WL";;"D";"meanPre";1;13;3
273;"1995-09-01";3;"1.8";"2.4";"WL";;"D";"meanPre";1;13;3
274;"1995-10-01";"19.5";"34.4";"26.95";"WL";;"W";"meanPre";1;14;4
275;"1995-11-01";0;"9.5";"4.75";"WL";;"W";"meanPre";1;14;4
276;"1995-12-01";"57.8";"47.5";"52.65";"WL";;"W";"meanPre";1;14;4
277;"1996-01-01";"29.3";"12.9";"21.1";"WL";;"D";"meanPre";1;11;1
278;"1996-02-01";"77.3";"76.7";77;"WL";;"D";"meanPre";1;11;1
279;"1996-03-01";"82.4";"51.6";67;"WL";;"W";"meanPre";1;12;2
280;"1996-04-01";"83.9";"218.1";151;"WL";;"W";"meanPre";1;12;2
281;"1996-05-01";"80.5";"194.6";"137.55";"WL";;"W";"meanPre";1;12;2
282;"1996-06-01";0;"6.5";"3.25";"WL";;"D";"meanPre";1;13;3
283;"1996-07-01";"4.2";"8.4";"6.3";;;"D";"meanPre";1;13;3
284;"1996-08-01";0;"1.7";"0.85";;;"D";"meanPre";1;13;3
285;"1996-09-01";0;5;"2.5";;;"D";"meanPre";1;13;3
286;"1996-10-01";"0.8";"5.8";"3.3";;;"W";"meanPre";1;14;4
287;"1996-11-01";"16.1";"18.9";"17.5";;;"W";"meanPre";1;14;4
288;"1996-12-01";"4.3";0;"2.15";;;"W";"meanPre";1;14;4
289;"1997-01-01";"4.2";0;"2.1";;;"D";"meanPre";1;11;1
290;"1997-02-01";0;"12.6";"6.3";;;"D";"meanPre";1;11;1
291;"1997-03-01";"58.1";"126.9";"92.5";;;"W";"meanPre";1;12;2
292;"1997-04-01";"330.5";374;"352.25";;;"W";"meanPre";1;12;2
293;"1997-05-01";"201.2";"182.2";"191.7";;;"W";"meanPre";1;12;2
294;"1997-06-01";"32.5";"18.6";"25.55";;;"D";"meanPre";1;13;3
295;"1997-07-01";"11.1";"14.7";"12.9";"SE";"P";"D";"meanPre";1;13;3
296;"1997-08-01";0;"0.6";"0.3";"SE";"P";"D";"meanPre";1;13;3
297;"1997-09-01";0;1;"0.5";"SE";"P";"D";"meanPre";1;13;3
298;"1997-10-01";"52.9";"130.5";"91.7";"SE";"P";"W";"meanPre";1;14;4
299;"1997-11-01";"73.5";"107.2";"90.35";"SE";"P";"W";"meanPre";1;14;4
300;"1997-12-01";"119.9";"65.7";"92.8";"SE";"P";"W";"meanPre";1;14;4
301;"1998-01-01";"125.3";"287.2";"206.25";"SE";"P";"D";"meanPre";1;11;1
302;"1998-02-01";"165.7";"151.2";"158.45";"SE";"P";"D";"meanPre";1;11;1
303;"1998-03-01";"29.6";"44.4";37;"SE";"P";"W";"meanPre";1;12;2
304;"1998-04-01";"264.9";422;"343.45";"SE";"P";"W";"meanPre";1;12;2
305;"1998-05-01";"56.2";"117.8";87;"SE";"P";"W";"meanPre";1;12;2
306;"1998-06-01";"5.9";"10.4";"8.15";"SE";"P";"D";"meanPre";1;13;3
307;"1998-07-01";"5.1";"25.4";"15.25";"ML";;"D";"meanPre";1;13;3
308;"1998-08-01";"0.3";1;"0.65";"ML";;"D";"meanPre";1;13;3
309;"1998-09-01";"0.8";"4.8";"2.8";"ML";;"D";"meanPre";1;13;3
310;"1998-10-01";"1.2";"15.2";"8.2";"ML";;"W";"meanPre";1;14;4
311;"1998-11-01";"1.3";"28.5";"14.9";"ML";;"W";"meanPre";1;14;4
312;"1998-12-01";"0.2";"6.7";"3.45";"ML";;"W";"meanPre";1;14;4
313;"1999-01-01";3;"20.8";"11.9";"ML";;"D";"meanPre";1;11;1
314;"1999-02-01";"0.8";"0.6";"0.7";"ML";;"D";"meanPre";1;11;1
315;"1999-03-01";"253.7";"258.9";"256.3";"ML";;"W";"meanPre";1;12;2
316;"1999-04-01";"170.3";"367.6";"268.95";"ML";;"W";"meanPre";1;12;2
317;"1999-05-01";"106.4";92;"99.2";"ML";;"W";"meanPre";1;12;2
318;"1999-06-01";"50.1";"69.1";"59.6";"ML";;"D";"meanPre";1;13;3
319;"1999-07-01";"11.1";"14.8";"12.95";"SL";;"D";"meanPre";1;13;3
320;"1999-08-01";"8.1";"27.1";"17.6";"SL";;"D";"meanPre";1;13;3
321;"1999-09-01";"5.8";"11.6";"8.7";"SL";;"D";"meanPre";1;13;3
322;"1999-10-01";"1.6";"1.7";"1.65";"SL";;"W";"meanPre";1;14;4
323;"1999-11-01";"37.3";"68.4";"52.85";"SL";;"W";"meanPre";1;14;4
324;"1999-12-01";"4.2";"23.1";"13.65";"SL";;"W";"meanPre";1;14;4
325;"2000-01-01";10;"1.4";"5.7";"SL";;"D";"meanPre";1;11;1
326;"2000-02-01";"3.1";2;"2.55";"SL";;"D";"meanPre";1;11;1
327;"2000-03-01";"66.5";"121.6";"94.05";"SL";;"W";"meanPre";1;12;2
328;"2000-04-01";"47.6";"117.8";"82.7";"SL";;"W";"meanPre";1;12;2
329;"2000-05-01";"40.1";"54.1";"47.1";"SL";;"W";"meanPre";1;12;2
330;"2000-06-01";"22.2";27;"24.6";"SL";;"D";"meanPre";1;13;3
331;"2000-07-01";"4.2";"4.4";"4.3";"WL";;"D";"meanPre";1;13;3
332;"2000-08-01";"15.9";"15.5";"15.7";"WL";;"D";"meanPre";1;13;3
333;"2000-09-01";"11.5";2;"6.75";"WL";;"D";"meanPre";1;13;3
334;"2000-10-01";"1.1";6;"3.55";"WL";;"W";"meanPre";1;14;4
335;"2000-11-01";"123.3";"17.5";"70.4";"WL";;"W";"meanPre";1;14;4
336;"2000-12-01";"30.7";"28.4";"29.55";"WL";;"W";"meanPre";1;14;4
337;"2001-01-01";"107.4";"136.4";"121.9";"WL";;"D";"meanPre";1;11;1
338;"2001-02-01";"45.6";"30.1";"37.85";"WL";;"D";"meanPre";1;11;1
339;"2001-03-01";"169.9";"182.9";"176.4";"WL";;"W";"meanPre";1;12;2
340;"2001-04-01";"107.2";294;"200.6";"WL";;"W";"meanPre";1;12;2
341;"2001-05-01";"31.4";"145.4";"88.4";"WL";;"W";"meanPre";1;12;2
342;"2001-06-01";"10.5";"14.8";"12.65";"WL";;"D";"meanPre";1;13;3
343;"2001-07-01";0;1;"0.5";;;"D";"meanPre";1;13;3
344;"2001-08-01";"2.7";"0.3";"1.5";;;"D";"meanPre";1;13;3
345;"2001-09-01";"0.2";7;"3.6";;;"D";"meanPre";1;13;3
346;"2001-10-01";0;"11.5";"5.75";;;"W";"meanPre";1;14;4
347;"2001-11-01";"21.7";63;"42.35";;;"W";"meanPre";1;14;4
348;"2001-12-01";"1.8";"3.9";"2.85";;;"W";"meanPre";1;14;4
349;"2002-01-01";"89.4";"69.5";"79.45";;;"D";"meanPre";1;11;1
350;"2002-02-01";"66.3";"21.7";44;;;"D";"meanPre";1;11;1
351;"2002-03-01";"101.6";"177.8";"139.7";;;"W";"meanPre";1;12;2
352;"2002-04-01";"162.4";490;"326.2";;;"W";"meanPre";1;12;2
353;"2002-05-01";"27.1";"71.8";"49.45";;;"W";"meanPre";1;12;2
354;"2002-06-01";"2.5";"1.6";"2.05";;;"D";"meanPre";1;13;3
355;"2002-07-01";"0.7";"3.7";"2.2";"ME";;"D";"meanPre";1;13;3
356;"2002-08-01";"25.6";"39.8";"32.7";"ME";;"D";"meanPre";1;13;3
357;"2002-09-01";"19.2";"116.2";"67.7";"ME";;"D";"meanPre";1;13;3
358;"2002-10-01";"110.3";"72.3";"91.3";"ME";;"W";"meanPre";1;14;4
359;"2002-11-01";49;"27.1";"38.05";"ME";;"W";"meanPre";1;14;4
360;"2002-12-01";"134.2";129;"131.6";"ME";;"W";"meanPre";1;14;4
361;"2003-01-01";"9.7";"3.7";"6.7";"ME";;"D";"meanPre";1;11;1
362;"2003-02-01";"14.6";"10.1";"12.35";"ME";;"D";"meanPre";1;11;1
363;"2003-03-01";"18.4";62;"40.2";"ME";;"W";"meanPre";1;12;2
364;"2003-04-01";"40.8";"159.4";"100.1";"ME";;"W";"meanPre";1;12;2
365;"2003-05-01";"188.9";"191.4";"190.15";"ME";;"W";"meanPre";1;12;2
366;"2003-06-01";"12.2";"53.8";33;"ME";;"D";"meanPre";1;13;3
367;"2003-07-01";"3.8";"9.7";"6.75";;;"D";"meanPre";1;13;3
368;"2003-08-01";0;"2.8";"1.4";;;"D";"meanPre";1;13;3
369;"2003-09-01";5;"0.4";"2.7";;;"D";"meanPre";1;13;3
370;"2003-10-01";"7.3";0;"3.65";;;"W";"meanPre";1;14;4
371;"2003-11-01";0;"6.1";"3.05";;;"W";"meanPre";1;14;4
372;"2003-12-01";"43.1";19;"31.05";;;"W";"meanPre";1;14;4
373;"2004-01-01";"70.1";"83.5";"76.8";;;"D";"meanPre";1;11;1
374;"2004-02-01";"120.1";"29.8";"74.95";;;"D";"meanPre";1;11;1
375;"2004-03-01";"73.4";"48.2";"60.8";;;"W";"meanPre";1;12;2
376;"2004-04-01";88;"200.4";"144.2";;;"W";"meanPre";1;12;2
377;"2004-05-01";"9.3";"65.4";"37.35";;;"W";"meanPre";1;12;2
378;"2004-06-01";"7.5";"13.2";"10.35";;;"D";"meanPre";1;13;3
379;"2004-07-01";0;"1.2";"0.6";"WE";;"D";"meanPre";1;13;3
380;"2004-08-01";0;0;0;"WE";;"D";"meanPre";1;13;3
381;"2004-09-01";"1.9";0;"0.95";"WE";;"D";"meanPre";1;13;3
382;"2004-10-01";"20.7";"65.3";43;"WE";;"W";"meanPre";1;14;4
383;"2004-11-01";"42.2";"27.6";"34.9";"WE";;"W";"meanPre";1;14;4
384;"2004-12-01";"87.2";"39.6";"63.4";"WE";;"W";"meanPre";1;14;4
385;"2005-01-01";29;"13.9";"21.45";"WE";;"D";"meanPre";1;11;1
386;"2005-02-01";"2.1";"7.8";"4.95";"WE";;"D";"meanPre";1;11;1
387;"2005-03-01";95;"48.2";"71.6";"WE";;"W";"meanPre";1;12;2
388;"2005-04-01";"137.4";"136.6";137;"WE";;"W";"meanPre";1;12;2
389;"2005-05-01";"79.5";"189.3";"134.4";"WE";;"W";"meanPre";1;12;2
390;"2005-06-01";"3.9";"10.7";"7.3";"WE";;"D";"meanPre";1;13;3
391;"2005-07-01";"2.7";"6.9";"4.8";"WL";;"D";"meanPre";1;13;3
392;"2005-08-01";"37.2";"16.5";"26.85";"WL";;"D";"meanPre";1;13;3
393;"2005-09-01";"2.2";"1.9";"2.05";"WL";;"D";"meanPre";1;13;3
394;"2005-10-01";"9.2";"26.2";"17.7";"WL";;"W";"meanPre";1;14;4
395;"2005-11-01";"12.2";"23.7";"17.95";"WL";;"W";"meanPre";1;14;4
396;"2005-12-01";12;"0.3";"6.15";"WL";;"W";"meanPre";1;14;4
397;"2006-01-01";"25.9";19;"22.45";"WL";;"D";"meanPre";1;11;1
398;"2006-02-01";"29.7";"3.1";"16.4";"WL";;"D";"meanPre";1;11;1
399;"2006-03-01";134;"169.3";"151.65";"WL";;"W";"meanPre";1;12;2
400;"2006-04-01";122;"261.9";"191.95";"WL";;"W";"meanPre";1;12;2
401;"2006-05-01";"45.3";"235.9";"140.6";"WL";;"W";"meanPre";1;12;2
402;"2006-06-01";"16.4";"31.2";"23.8";"WL";;"D";"meanPre";1;13;3
403;"2006-07-01";"3.4";10;"6.7";"WE";"P";"D";"meanPre";1;13;3
404;"2006-08-01";"4.6";"2.9";"3.75";"WE";"P";"D";"meanPre";1;13;3
405;"2006-09-01";"11.4";"24.2";"17.8";"WE";"P";"D";"meanPre";1;13;3
406;"2006-10-01";"55.7";"88.4";"72.05";"WE";"P";"W";"meanPre";1;14;4
407;"2006-11-01";"143.8";"165.6";"154.7";"WE";"P";"W";"meanPre";1;14;4
408;"2006-12-01";"113.9";"69.2";"91.55";"WE";"P";"W";"meanPre";1;14;4
409;"2007-01-01";14;"43.8";"28.9";"WE";"P";"D";"meanPre";1;11;1
410;"2007-02-01";"19.1";"27.1";"23.1";"WE";"P";"D";"meanPre";1;11;1
411;"2007-03-01";"103.5";"35.2";"69.35";"WE";"P";"W";"meanPre";1;12;2
412;"2007-04-01";"61.3";"145.8";"103.55";"WE";"P";"W";"meanPre";1;12;2
413;"2007-05-01";"63.1";"124.4";"93.75";"WE";"P";"W";"meanPre";1;12;2
414;"2007-06-01";"15.2";"9.3";"12.25";"WE";"P";"D";"meanPre";1;13;3
415;"2007-07-01";"3.8";26;"14.9";"ML";"P";"D";"meanPre";1;13;3
416;"2007-08-01";18;"22.8";"20.4";"ML";"P";"D";"meanPre";1;13;3
417;"2007-09-01";1;"5.8";"3.4";"ML";"P";"D";"meanPre";1;13;3
418;"2007-10-01";"0.2";"11.7";"5.95";"ML";"P";"W";"meanPre";1;14;4
419;"2007-11-01";"31.7";"76.5";"54.1";"ML";"P";"W";"meanPre";1;14;4
420;"2007-12-01";"38.2";"77.4";"57.8";"ML";"P";"W";"meanPre";1;14;4
421;"2008-01-01";"5.2";"44.1";"24.65";"ML";"P";"D";"meanPre";1;11;1
422;"2008-02-01";"35.3";"40.6";"37.95";"ML";"P";"D";"meanPre";1;11;1
423;"2008-03-01";"240.5";"474.4";"357.45";"ML";"P";"W";"meanPre";1;12;2
424;"2008-04-01";"174.5";"237.9";"206.2";"ML";"P";"W";"meanPre";1;12;2
425;"2008-05-01";"24.8";"97.9";"61.35";"ML";"P";"W";"meanPre";1;12;2
426;"2008-06-01";"9.2";"15.7";"12.45";"ML";"P";"D";"meanPre";1;13;3
427;"2008-07-01";"3.6";"12.1";"7.85";"WL";;"D";"meanPre";1;13;3
428;"2008-08-01";1;"15.1";"8.05";"WL";;"D";"meanPre";1;13;3
429;"2008-09-01";"11.5";"13.3";"12.4";"WL";;"D";"meanPre";1;13;3
430;"2008-10-01";"2.1";"20.1";"11.1";"WL";;"W";"meanPre";1;14;4
431;"2008-11-01";78;"56.4";"67.2";"WL";;"W";"meanPre";1;14;4
432;"2008-12-01";"4.6";"19.8";"12.2";"WL";;"W";"meanPre";1;14;4
433;"2009-01-01";"17.4";"28.3";"22.85";"WL";;"D";"meanPre";1;11;1
434;"2009-02-01";"14.4";"47.9";"31.15";"WL";;"D";"meanPre";1;11;1
435;"2009-03-01";"10.8";"35.2";23;"WL";;"W";"meanPre";1;12;2
436;"2009-04-01";"43.5";"238.1";"140.8";"WL";;"W";"meanPre";1;12;2
437;"2009-05-01";"23.1";"53.2";"38.15";"WL";;"W";"meanPre";1;12;2
438;"2009-06-01";"8.7";"97.3";53;"WL";;"D";"meanPre";1;13;3
439;"2009-07-01";"2.2";"12.4";"7.3";"ME";;"D";"meanPre";1;13;3
440;"2009-08-01";"1.4";"10.7";"6.05";"ME";;"D";"meanPre";1;13;3
441;"2009-09-01";0;3;"1.5";"ME";;"D";"meanPre";1;13;3
442;"2009-10-01";43;"61.6";"52.3";"ME";;"W";"meanPre";1;14;4
443;"2009-11-01";"93.6";"107.8";"100.7";"ME";;"W";"meanPre";1;14;4
444;"2009-12-01";"56.7";"105.9";"81.3";"ME";;"W";"meanPre";1;14;4
445;"2010-01-01";"90.7";15;"52.85";"ME";;"D";"meanPre";1;11;1
446;"2010-02-01";"10.3";"6.4";"8.35";"ME";;"D";"meanPre";1;11;1
447;"2010-03-01";169;109;139;"ME";;"W";"meanPre";1;12;2
448;"2010-04-01";"106.9";"509.4";"308.15";"ME";;"W";"meanPre";1;12;2
449;"2010-05-01";"64.9";"88.6";"76.75";"ME";;"W";"meanPre";1;12;2
450;"2010-06-01";"2.2";"8.3";"5.25";"ME";;"D";"meanPre";1;13;3
451;"2010-07-01";0;"3.5";"1.75";"SL";;"D";"meanPre";1;13;3
452;"2010-08-01";"0.1";3;"1.55";"SL";;"D";"meanPre";1;13;3
453;"2010-09-01";"1.7";"4.7";"3.2";"SL";;"D";"meanPre";1;13;3
454;"2010-10-01";0;"0.2";"0.1";"SL";;"W";"meanPre";1;14;4
455;"2010-11-01";"12.5";"52.8";"32.65";"SL";;"W";"meanPre";1;14;4
456;"2010-12-01";"54.3";"59.2";"56.75";"SL";;"W";"meanPre";1;14;4
457;"2011-01-01";"2.4";"15.5";"8.95";"SL";;"D";"meanPre";1;11;1
458;"2011-02-01";"84.2";"36.4";"60.3";"SL";;"D";"meanPre";1;11;1
459;"2011-03-01";92;"78.7";"85.35";"SL";;"W";"meanPre";1;12;2
460;"2011-04-01";"41.6";"183.2";"112.4";"SL";;"W";"meanPre";1;12;2
461;"2011-05-01";"84.4";"122.2";"103.3";"SL";;"W";"meanPre";1;12;2
462;"2011-06-01";"1.7";"2.8";"2.25";"SL";;"D";"meanPre";1;13;3
463;"2011-07-01";0;0;0;"WL";;"D";"meanPre";1;13;3
464;"2011-08-01";0;1;"0.5";"WL";;"D";"meanPre";1;13;3
465;"2011-09-01";"10.5";"0.4";"5.45";"WL";;"D";"meanPre";1;13;3
466;"2011-10-01";"74.6";"94.1";"84.35";"WL";;"W";"meanPre";1;14;4
467;"2011-11-01";"32.3";"73.3";"52.8";"WL";;"W";"meanPre";1;14;4
468;"2011-12-01";"68.3";"18.8";"43.55";"WL";;"W";"meanPre";1;14;4
469;"2012-01-01";"1.5";0;"0.75";"WL";;"D";"meanPre";1;11;1
470;"2012-02-01";"22.6";"62.5";"42.55";"WL";;"D";"meanPre";1;11;1
471;"2012-03-01";"33.4";"21.2";"27.3";"WL";;"W";"meanPre";1;12;2
472;"2012-04-01";"143.2";"123.2";"133.2";"WL";;"W";"meanPre";1;12;2
473;"2012-05-01";"46.5";"55.1";"50.8";"WL";;"W";"meanPre";1;12;2
474;"2012-06-01";"0.7";0;"0.35";"WL";;"D";"meanPre";1;13;3
475;"2012-07-01";0;"2.1";"1.05";;;"D";"meanPre";1;13;3
476;"2012-08-01";"24.1";"43.6";"33.85";;;"D";"meanPre";1;13;3
477;"2012-09-01";0;"1.1";"0.55";;;"D";"meanPre";1;13;3
478;"2012-10-01";"13.9";0;"6.95";;;"W";"meanPre";1;14;4
479;"2012-11-01";112;"94.9";"103.45";;;"W";"meanPre";1;14;4
480;"2012-12-01";"31.3";"41.2";"36.25";;;"W";"meanPre";1;14;4
481;"2013-01-01";"72.7";"33.6";"53.15";;;"D";"meanPre";1;11;1
482;"2013-02-01";"1.1";0;"0.55";;;"D";"meanPre";1;11;1
483;"2013-03-01";"140.6";"152.2";"146.4";;;"W";"meanPre";1;12;2
484;"2013-04-01";90;"390.1";"240.05";;;"W";"meanPre";1;12;2
485;"2013-05-01";"61.3";"46.8";"54.05";;;"W";"meanPre";1;12;2
486;"2013-06-01";1;"8.7";"4.85";;;"D";"meanPre";1;13;3
487;"2013-07-01";"0.9";2;"1.45";;;"D";"meanPre";1;13;3
488;"2013-08-01";"5.9";"7.3";"6.6";;;"D";"meanPre";1;13;3
489;"2013-09-01";"0.8";"4.2";"2.5";;;"D";"meanPre";1;13;3
490;"2013-10-01";"0.2";"3.5";"1.85";;;"W";"meanPre";1;14;4
491;"2013-11-01";"34.3";"56.2";"45.25";;;"W";"meanPre";1;14;4
492;"2013-12-01";"83.8";"55.1";"69.45";;;"W";"meanPre";1;14;4
4310;"1976-07-01";"2.7";"3.5";"3.1";"WE";;"D";"all";2;23;3
4410;"1976-08-01";0;"2.2";"1.1";"WE";;"D";"all";2;23;3
4510;"1976-09-01";"30.5";"20.5";"25.5";"WE";;"D";"all";2;23;3
4610;"1976-10-01";0;"0.1";"0.05";"WE";;"W";"all";2;24;4
4710;"1976-11-01";"3.6";"16.2";"9.9";"WE";;"W";"all";2;24;4
4810;"1976-12-01";"35.2";"51.5";"43.35";"WE";;"W";"all";2;24;4
493;"1977-01-01";"21.1";"14.7";"17.9";"WE";;"D";"all";2;21;1
501;"1977-02-01";"61.5";"74.9";"68.2";"WE";;"D";"all";2;21;1
511;"1977-03-01";"36.2";"80.6";"58.4";"WE";;"W";"all";2;22;2
521;"1977-04-01";"180.6";"460.5";"320.55";"WE";;"W";"all";2;22;2
531;"1977-05-01";"30.4";"171.6";101;"WE";;"W";"all";2;22;2
541;"1977-06-01";"5.7";"14.9";"10.3";"WE";;"D";"all";2;23;3
551;"1977-07-01";"0.9";4;"2.45";"WE";"P";"D";"all";2;23;3
561;"1977-08-01";"20.2";"27.6";"23.9";"WE";"P";"D";"all";2;23;3
571;"1977-09-01";"2.6";"11.4";7;"WE";"P";"D";"all";2;23;3
581;"1977-10-01";"45.9";80;"62.95";"WE";"P";"W";"all";2;24;4
591;"1977-11-01";"26.1";"50.4";"38.25";"WE";"P";"W";"all";2;24;4
601;"1977-12-01";"16.6";"15.6";"16.1";"WE";"P";"W";"all";2;24;4
611;"1978-01-01";"194.4";"71.7";"133.05";"WE";"P";"D";"all";2;21;1
621;"1978-02-01";"80.6";"62.4";"71.5";"WE";"P";"D";"all";2;21;1
631;"1978-03-01";"308.3";"320.3";"314.3";"WE";"P";"W";"all";2;22;2
641;"1978-04-01";"275.4";"250.3";"262.85";"WE";"P";"W";"all";2;22;2
651;"1978-05-01";"32.6";"117.9";"75.25";"WE";"P";"W";"all";2;22;2
661;"1978-06-01";"11.3";"25.7";"18.5";"WE";"P";"D";"all";2;23;3
1151;"1982-07-01";"30.1";"44.7";"37.4";"SE";"P";"D";"all";2;23;3
1161;"1982-08-01";"17.2";"14.2";"15.7";"SE";"P";"D";"all";2;23;3
1171;"1982-09-01";"19.5";"23.3";"21.4";"SE";"P";"D";"all";2;23;3
1181;"1982-10-01";"216.8";"51.5";"134.15";"SE";"P";"W";"all";2;24;4
1191;"1982-11-01";273;"263.6";"268.3";"SE";"P";"W";"all";2;24;4
1201;"1982-12-01";"49.3";"111.8";"80.55";"SE";"P";"W";"all";2;24;4
1211;"1983-01-01";0;"11.6";"5.8";"SE";"P";"D";"all";2;21;1
1221;"1983-02-01";"39.2";"31.9";"35.55";"SE";"P";"D";"all";2;21;1
1231;"1983-03-01";"59.1";"54.1";"56.6";"SE";"P";"W";"all";2;22;2
1241;"1983-04-01";"30.3";"217.4";"123.85";"SE";"P";"W";"all";2;22;2
1251;"1983-05-01";"83.9";"217.3";"150.6";"SE";"P";"W";"all";2;22;2
1261;"1983-06-01";"25.3";"34.6";"29.95";"SE";"P";"D";"all";2;23;3
1631;"1986-07-01";"0.9";"2.2";"1.55";"ME";;"D";"all";2;23;3
1641;"1986-08-01";"28.2";7;"17.6";"ME";;"D";"all";2;23;3
1651;"1986-09-01";0;"1.4";"0.7";"ME";;"D";"all";2;23;3
1661;"1986-10-01";"13.9";"43.8";"28.85";"ME";;"W";"all";2;24;4
1671;"1986-11-01";"42.8";"58.7";"50.75";"ME";;"W";"all";2;24;4
1681;"1986-12-01";"125.3";"89.2";"107.25";"ME";;"W";"all";2;24;4
1691;"1987-01-01";"93.3";"39.8";"66.55";"ME";;"D";"all";2;21;1
1701;"1987-02-01";"5.4";"8.8";"7.1";"ME";;"D";"all";2;21;1
1711;"1987-03-01";47;25;36;"ME";;"W";"all";2;22;2
1721;"1987-04-01";"111.9";116;"113.95";"ME";;"W";"all";2;22;2
1731;"1987-05-01";"103.9";"97.1";"100.5";"ME";;"W";"all";2;22;2
1741;"1987-06-01";"3.8";"0.3";"2.05";"ME";;"D";"all";2;23;3
1751;"1987-07-01";"7.4";"58.4";"32.9";"SE";;"D";"all";2;23;3
1761;"1987-08-01";"31.7";"60.8";"46.25";"SE";;"D";"all";2;23;3
1771;"1987-09-01";0;"3.4";"1.7";"SE";;"D";"all";2;23;3
1781;"1987-10-01";"0.9";"0.6";"0.75";"SE";;"W";"all";2;24;4
1791;"1987-11-01";"42.9";"13.4";"28.15";"SE";;"W";"all";2;24;4
1801;"1987-12-01";"4.6";"19.6";"12.1";"SE";;"W";"all";2;24;4
1811;"1988-01-01";"20.2";"60.8";"40.5";"SE";;"D";"all";2;21;1
1821;"1988-02-01";"9.8";"8.6";"9.2";"SE";;"D";"all";2;21;1
1831;"1988-03-01";"166.9";"179.8";"173.35";"SE";;"W";"all";2;22;2
1841;"1988-04-01";"210.2";"534.8";"372.5";"SE";;"W";"all";2;22;2
1851;"1988-05-01";"21.8";"128.6";"75.2";"SE";;"W";"all";2;22;2
1861;"1988-06-01";"18.8";"22.4";"20.6";"SE";;"D";"all";2;23;3
2231;"1991-07-01";"15.3";"6.7";11;"ME";;"D";"all";2;23;3
2241;"1991-08-01";"13.1";"29.7";"21.4";"ME";;"D";"all";2;23;3
2251;"1991-09-01";0;"26.8";"13.4";"ME";;"D";"all";2;23;3
2261;"1991-10-01";0;"16.7";"8.35";"ME";;"W";"all";2;24;4
2271;"1991-11-01";"5.2";"38.1";"21.65";"ME";;"W";"all";2;24;4
2281;"1991-12-01";"59.1";"105.6";"82.35";"ME";;"W";"all";2;24;4
2291;"1992-01-01";0;"2.9";"1.45";"ME";;"D";"all";2;21;1
2301;"1992-02-01";"71.7";"16.9";"44.3";"ME";;"D";"all";2;21;1
2311;"1992-03-01";"7.4";"37.9";"22.65";"ME";;"W";"all";2;22;2
2321;"1992-04-01";"162.1";"446.8";"304.45";"ME";;"W";"all";2;22;2
2331;"1992-05-01";"73.5";"215.5";"144.5";"ME";;"W";"all";2;22;2
2341;"1992-06-01";"13.8";"3.1";"8.45";"ME";;"D";"all";2;23;3
2591;"1994-07-01";"12.6";"13.6";"13.1";"ME";"P";"D";"all";2;23;3
2601;"1994-08-01";0;"2.7";"1.35";"ME";"P";"D";"all";2;23;3
2611;"1994-09-01";"1.1";"2.7";"1.9";"ME";"P";"D";"all";2;23;3
2621;"1994-10-01";"4.3";"70.8";"37.55";"ME";"P";"W";"all";2;24;4
2631;"1994-11-01";"27.3";"27.5";"27.4";"ME";"P";"W";"all";2;24;4
2641;"1994-12-01";39;"68.4";"53.7";"ME";"P";"W";"all";2;24;4
2651;"1995-01-01";31;"11.1";"21.05";"ME";"P";"D";"all";2;21;1
2661;"1995-02-01";"70.6";"38.8";"54.7";"ME";"P";"D";"all";2;21;1
2671;"1995-03-01";"30.2";"71.9";"51.05";"ME";"P";"W";"all";2;22;2
2681;"1995-04-01";"203.2";508;"355.6";"ME";"P";"W";"all";2;22;2
2691;"1995-05-01";107;"210.9";"158.95";"ME";"P";"W";"all";2;22;2
2701;"1995-06-01";0;"4.1";"2.05";"ME";"P";"D";"all";2;23;3
2951;"1997-07-01";"11.1";"14.7";"12.9";"SE";"P";"D";"all";2;23;3
2961;"1997-08-01";0;"0.6";"0.3";"SE";"P";"D";"all";2;23;3
2971;"1997-09-01";0;1;"0.5";"SE";"P";"D";"all";2;23;3
2981;"1997-10-01";"52.9";"130.5";"91.7";"SE";"P";"W";"all";2;24;4
2991;"1997-11-01";"73.5";"107.2";"90.35";"SE";"P";"W";"all";2;24;4
3001;"1997-12-01";"119.9";"65.7";"92.8";"SE";"P";"W";"all";2;24;4
3011;"1998-01-01";"125.3";"287.2";"206.25";"SE";"P";"D";"all";2;21;1
3021;"1998-02-01";"165.7";"151.2";"158.45";"SE";"P";"D";"all";2;21;1
3031;"1998-03-01";"29.6";"44.4";37;"SE";"P";"W";"all";2;22;2
3041;"1998-04-01";"264.9";422;"343.45";"SE";"P";"W";"all";2;22;2
3051;"1998-05-01";"56.2";"117.8";87;"SE";"P";"W";"all";2;22;2
3061;"1998-06-01";"5.9";"10.4";"8.15";"SE";"P";"D";"all";2;23;3
3551;"2002-07-01";"0.7";"3.7";"2.2";"ME";;"D";"all";2;23;3
3561;"2002-08-01";"25.6";"39.8";"32.7";"ME";;"D";"all";2;23;3
3571;"2002-09-01";"19.2";"116.2";"67.7";"ME";;"D";"all";2;23;3
3581;"2002-10-01";"110.3";"72.3";"91.3";"ME";;"W";"all";2;24;4
3591;"2002-11-01";49;"27.1";"38.05";"ME";;"W";"all";2;24;4
3601;"2002-12-01";"134.2";129;"131.6";"ME";;"W";"all";2;24;4
3611;"2003-01-01";"9.7";"3.7";"6.7";"ME";;"D";"all";2;21;1
3621;"2003-02-01";"14.6";"10.1";"12.35";"ME";;"D";"all";2;21;1
3631;"2003-03-01";"18.4";62;"40.2";"ME";;"W";"all";2;22;2
3641;"2003-04-01";"40.8";"159.4";"100.1";"ME";;"W";"all";2;22;2
3651;"2003-05-01";"188.9";"191.4";"190.15";"ME";;"W";"all";2;22;2
3661;"2003-06-01";"12.2";"53.8";33;"ME";;"D";"all";2;23;3
3791;"2004-07-01";0;"1.2";"0.6";"WE";;"D";"all";2;23;3
3801;"2004-08-01";0;0;0;"WE";;"D";"all";2;23;3
3811;"2004-09-01";"1.9";0;"0.95";"WE";;"D";"all";2;23;3
3821;"2004-10-01";"20.7";"65.3";43;"WE";;"W";"all";2;24;4
3831;"2004-11-01";"42.2";"27.6";"34.9";"WE";;"W";"all";2;24;4
3841;"2004-12-01";"87.2";"39.6";"63.4";"WE";;"W";"all";2;24;4
3851;"2005-01-01";29;"13.9";"21.45";"WE";;"D";"all";2;21;1
3861;"2005-02-01";"2.1";"7.8";"4.95";"WE";;"D";"all";2;21;1
3871;"2005-03-01";95;"48.2";"71.6";"WE";;"W";"all";2;22;2
3881;"2005-04-01";"137.4";"136.6";137;"WE";;"W";"all";2;22;2
3891;"2005-05-01";"79.5";"189.3";"134.4";"WE";;"W";"all";2;22;2
3901;"2005-06-01";"3.9";"10.7";"7.3";"WE";;"D";"all";2;23;3
4031;"2006-07-01";"3.4";10;"6.7";"WE";"P";"D";"all";2;23;3
4041;"2006-08-01";"4.6";"2.9";"3.75";"WE";"P";"D";"all";2;23;3
4051;"2006-09-01";"11.4";"24.2";"17.8";"WE";"P";"D";"all";2;23;3
4061;"2006-10-01";"55.7";"88.4";"72.05";"WE";"P";"W";"all";2;24;4
4071;"2006-11-01";"143.8";"165.6";"154.7";"WE";"P";"W";"all";2;24;4
4081;"2006-12-01";"113.9";"69.2";"91.55";"WE";"P";"W";"all";2;24;4
4091;"2007-01-01";14;"43.8";"28.9";"WE";"P";"D";"all";2;21;1
4101;"2007-02-01";"19.1";"27.1";"23.1";"WE";"P";"D";"all";2;21;1
4111;"2007-03-01";"103.5";"35.2";"69.35";"WE";"P";"W";"all";2;22;2
4121;"2007-04-01";"61.3";"145.8";"103.55";"WE";"P";"W";"all";2;22;2
4131;"2007-05-01";"63.1";"124.4";"93.75";"WE";"P";"W";"all";2;22;2
4141;"2007-06-01";"15.2";"9.3";"12.25";"WE";"P";"D";"all";2;23;3
4391;"2009-07-01";"2.2";"12.4";"7.3";"ME";;"D";"all";2;23;3
4401;"2009-08-01";"1.4";"10.7";"6.05";"ME";;"D";"all";2;23;3
4411;"2009-09-01";0;3;"1.5";"ME";;"D";"all";2;23;3
4421;"2009-10-01";43;"61.6";"52.3";"ME";;"W";"all";2;24;4
4431;"2009-11-01";"93.6";"107.8";"100.7";"ME";;"W";"all";2;24;4
4441;"2009-12-01";"56.7";"105.9";"81.3";"ME";;"W";"all";2;24;4
4451;"2010-01-01";"90.7";15;"52.85";"ME";;"D";"all";2;21;1
4461;"2010-02-01";"10.3";"6.4";"8.35";"ME";;"D";"all";2;21;1
4471;"2010-03-01";169;109;139;"ME";;"W";"all";2;22;2
4481;"2010-04-01";"106.9";"509.4";"308.15";"ME";;"W";"all";2;22;2
4491;"2010-05-01";"64.9";"88.6";"76.75";"ME";;"W";"all";2;22;2
4501;"2010-06-01";"2.2";"8.3";"5.25";"ME";;"D";"all";2;23;3
4311;"1976-07-01";"2.7";"3.5";"3.1";"WE";;"D";"pureEnso";3;33;3
4412;"1976-08-01";0;"2.2";"1.1";"WE";;"D";"pureEnso";3;33;3
4511;"1976-09-01";"30.5";"20.5";"25.5";"WE";;"D";"pureEnso";3;33;3
4611;"1976-10-01";0;"0.1";"0.05";"WE";;"W";"pureEnso";3;34;4
4711;"1976-11-01";"3.6";"16.2";"9.9";"WE";;"W";"pureEnso";3;34;4
4811;"1976-12-01";"35.2";"51.5";"43.35";"WE";;"W";"pureEnso";3;34;4
494;"1977-01-01";"21.1";"14.7";"17.9";"WE";;"D";"pureEnso";3;31;1
502;"1977-02-01";"61.5";"74.9";"68.2";"WE";;"D";"pureEnso";3;31;1
512;"1977-03-01";"36.2";"80.6";"58.4";"WE";;"W";"pureEnso";3;32;2
522;"1977-04-01";"180.6";"460.5";"320.55";"WE";;"W";"pureEnso";3;32;2
532;"1977-05-01";"30.4";"171.6";101;"WE";;"W";"pureEnso";3;32;2
542;"1977-06-01";"5.7";"14.9";"10.3";"WE";;"D";"pureEnso";3;33;3
1632;"1986-07-01";"0.9";"2.2";"1.55";"ME";;"D";"pureEnso";3;33;3
1642;"1986-08-01";"28.2";7;"17.6";"ME";;"D";"pureEnso";3;33;3
1652;"1986-09-01";0;"1.4";"0.7";"ME";;"D";"pureEnso";3;33;3
1662;"1986-10-01";"13.9";"43.8";"28.85";"ME";;"W";"pureEnso";3;34;4
1672;"1986-11-01";"42.8";"58.7";"50.75";"ME";;"W";"pureEnso";3;34;4
1682;"1986-12-01";"125.3";"89.2";"107.25";"ME";;"W";"pureEnso";3;34;4
1692;"1987-01-01";"93.3";"39.8";"66.55";"ME";;"D";"pureEnso";3;31;1
1702;"1987-02-01";"5.4";"8.8";"7.1";"ME";;"D";"pureEnso";3;31;1
1712;"1987-03-01";47;25;36;"ME";;"W";"pureEnso";3;32;2
1722;"1987-04-01";"111.9";116;"113.95";"ME";;"W";"pureEnso";3;32;2
1732;"1987-05-01";"103.9";"97.1";"100.5";"ME";;"W";"pureEnso";3;32;2
1742;"1987-06-01";"3.8";"0.3";"2.05";"ME";;"D";"pureEnso";3;33;3
1752;"1987-07-01";"7.4";"58.4";"32.9";"SE";;"D";"pureEnso";3;33;3
1762;"1987-08-01";"31.7";"60.8";"46.25";"SE";;"D";"pureEnso";3;33;3
1772;"1987-09-01";0;"3.4";"1.7";"SE";;"D";"pureEnso";3;33;3
1782;"1987-10-01";"0.9";"0.6";"0.75";"SE";;"W";"pureEnso";3;34;4
1792;"1987-11-01";"42.9";"13.4";"28.15";"SE";;"W";"pureEnso";3;34;4
1802;"1987-12-01";"4.6";"19.6";"12.1";"SE";;"W";"pureEnso";3;34;4
1812;"1988-01-01";"20.2";"60.8";"40.5";"SE";;"D";"pureEnso";3;31;1
1822;"1988-02-01";"9.8";"8.6";"9.2";"SE";;"D";"pureEnso";3;31;1
1832;"1988-03-01";"166.9";"179.8";"173.35";"SE";;"W";"pureEnso";3;32;2
1842;"1988-04-01";"210.2";"534.8";"372.5";"SE";;"W";"pureEnso";3;32;2
1852;"1988-05-01";"21.8";"128.6";"75.2";"SE";;"W";"pureEnso";3;32;2
1862;"1988-06-01";"18.8";"22.4";"20.6";"SE";;"D";"pureEnso";3;33;3
2232;"1991-07-01";"15.3";"6.7";11;"ME";;"D";"pureEnso";3;33;3
2242;"1991-08-01";"13.1";"29.7";"21.4";"ME";;"D";"pureEnso";3;33;3
2252;"1991-09-01";0;"26.8";"13.4";"ME";;"D";"pureEnso";3;33;3
2262;"1991-10-01";0;"16.7";"8.35";"ME";;"W";"pureEnso";3;34;4
2272;"1991-11-01";"5.2";"38.1";"21.65";"ME";;"W";"pureEnso";3;34;4
2282;"1991-12-01";"59.1";"105.6";"82.35";"ME";;"W";"pureEnso";3;34;4
2292;"1992-01-01";0;"2.9";"1.45";"ME";;"D";"pureEnso";3;31;1
2302;"1992-02-01";"71.7";"16.9";"44.3";"ME";;"D";"pureEnso";3;31;1
2312;"1992-03-01";"7.4";"37.9";"22.65";"ME";;"W";"pureEnso";3;32;2
2322;"1992-04-01";"162.1";"446.8";"304.45";"ME";;"W";"pureEnso";3;32;2
2332;"1992-05-01";"73.5";"215.5";"144.5";"ME";;"W";"pureEnso";3;32;2
2342;"1992-06-01";"13.8";"3.1";"8.45";"ME";;"D";"pureEnso";3;33;3
3552;"2002-07-01";"0.7";"3.7";"2.2";"ME";;"D";"pureEnso";3;33;3
3562;"2002-08-01";"25.6";"39.8";"32.7";"ME";;"D";"pureEnso";3;33;3
3572;"2002-09-01";"19.2";"116.2";"67.7";"ME";;"D";"pureEnso";3;33;3
3582;"2002-10-01";"110.3";"72.3";"91.3";"ME";;"W";"pureEnso";3;34;4
3592;"2002-11-01";49;"27.1";"38.05";"ME";;"W";"pureEnso";3;34;4
3602;"2002-12-01";"134.2";129;"131.6";"ME";;"W";"pureEnso";3;34;4
3612;"2003-01-01";"9.7";"3.7";"6.7";"ME";;"D";"pureEnso";3;31;1
3622;"2003-02-01";"14.6";"10.1";"12.35";"ME";;"D";"pureEnso";3;31;1
3632;"2003-03-01";"18.4";62;"40.2";"ME";;"W";"pureEnso";3;32;2
3642;"2003-04-01";"40.8";"159.4";"100.1";"ME";;"W";"pureEnso";3;32;2
3652;"2003-05-01";"188.9";"191.4";"190.15";"ME";;"W";"pureEnso";3;32;2
3662;"2003-06-01";"12.2";"53.8";33;"ME";;"D";"pureEnso";3;33;3
3792;"2004-07-01";0;"1.2";"0.6";"WE";;"D";"pureEnso";3;33;3
3802;"2004-08-01";0;0;0;"WE";;"D";"pureEnso";3;33;3
3812;"2004-09-01";"1.9";0;"0.95";"WE";;"D";"pureEnso";3;33;3
3822;"2004-10-01";"20.7";"65.3";43;"WE";;"W";"pureEnso";3;34;4
3832;"2004-11-01";"42.2";"27.6";"34.9";"WE";;"W";"pureEnso";3;34;4
3842;"2004-12-01";"87.2";"39.6";"63.4";"WE";;"W";"pureEnso";3;34;4
3852;"2005-01-01";29;"13.9";"21.45";"WE";;"D";"pureEnso";3;31;1
3862;"2005-02-01";"2.1";"7.8";"4.95";"WE";;"D";"pureEnso";3;31;1
3872;"2005-03-01";95;"48.2";"71.6";"WE";;"W";"pureEnso";3;32;2
3882;"2005-04-01";"137.4";"136.6";137;"WE";;"W";"pureEnso";3;32;2
3892;"2005-05-01";"79.5";"189.3";"134.4";"WE";;"W";"pureEnso";3;32;2
3902;"2005-06-01";"3.9";"10.7";"7.3";"WE";;"D";"pureEnso";3;33;3
4392;"2009-07-01";"2.2";"12.4";"7.3";"ME";;"D";"pureEnso";3;33;3
4402;"2009-08-01";"1.4";"10.7";"6.05";"ME";;"D";"pureEnso";3;33;3
4413;"2009-09-01";0;3;"1.5";"ME";;"D";"pureEnso";3;33;3
4422;"2009-10-01";43;"61.6";"52.3";"ME";;"W";"pureEnso";3;34;4
4432;"2009-11-01";"93.6";"107.8";"100.7";"ME";;"W";"pureEnso";3;34;4
4442;"2009-12-01";"56.7";"105.9";"81.3";"ME";;"W";"pureEnso";3;34;4
4452;"2010-01-01";"90.7";15;"52.85";"ME";;"D";"pureEnso";3;31;1
4462;"2010-02-01";"10.3";"6.4";"8.35";"ME";;"D";"pureEnso";3;31;1
4472;"2010-03-01";169;109;139;"ME";;"W";"pureEnso";3;32;2
4482;"2010-04-01";"106.9";"509.4";"308.15";"ME";;"W";"pureEnso";3;32;2
4492;"2010-05-01";"64.9";"88.6";"76.75";"ME";;"W";"pureEnso";3;32;2
4502;"2010-06-01";"2.2";"8.3";"5.25";"ME";;"D";"pureEnso";3;33;3
552;"1977-07-01";"0.9";4;"2.45";"WE";"P";"D";"EnsoIOD";4;43;3
562;"1977-08-01";"20.2";"27.6";"23.9";"WE";"P";"D";"EnsoIOD";4;43;3
572;"1977-09-01";"2.6";"11.4";7;"WE";"P";"D";"EnsoIOD";4;43;3
582;"1977-10-01";"45.9";80;"62.95";"WE";"P";"W";"EnsoIOD";4;44;4
592;"1977-11-01";"26.1";"50.4";"38.25";"WE";"P";"W";"EnsoIOD";4;44;4
602;"1977-12-01";"16.6";"15.6";"16.1";"WE";"P";"W";"EnsoIOD";4;44;4
612;"1978-01-01";"194.4";"71.7";"133.05";"WE";"P";"D";"EnsoIOD";4;41;1
622;"1978-02-01";"80.6";"62.4";"71.5";"WE";"P";"D";"EnsoIOD";4;41;1
632;"1978-03-01";"308.3";"320.3";"314.3";"WE";"P";"W";"EnsoIOD";4;42;2
642;"1978-04-01";"275.4";"250.3";"262.85";"WE";"P";"W";"EnsoIOD";4;42;2
652;"1978-05-01";"32.6";"117.9";"75.25";"WE";"P";"W";"EnsoIOD";4;42;2
662;"1978-06-01";"11.3";"25.7";"18.5";"WE";"P";"D";"EnsoIOD";4;43;3
1152;"1982-07-01";"30.1";"44.7";"37.4";"SE";"P";"D";"EnsoIOD";4;43;3
1162;"1982-08-01";"17.2";"14.2";"15.7";"SE";"P";"D";"EnsoIOD";4;43;3
1172;"1982-09-01";"19.5";"23.3";"21.4";"SE";"P";"D";"EnsoIOD";4;43;3
1182;"1982-10-01";"216.8";"51.5";"134.15";"SE";"P";"W";"EnsoIOD";4;44;4
1192;"1982-11-01";273;"263.6";"268.3";"SE";"P";"W";"EnsoIOD";4;44;4
1202;"1982-12-01";"49.3";"111.8";"80.55";"SE";"P";"W";"EnsoIOD";4;44;4
1212;"1983-01-01";0;"11.6";"5.8";"SE";"P";"D";"EnsoIOD";4;41;1
1222;"1983-02-01";"39.2";"31.9";"35.55";"SE";"P";"D";"EnsoIOD";4;41;1
1232;"1983-03-01";"59.1";"54.1";"56.6";"SE";"P";"W";"EnsoIOD";4;42;2
1242;"1983-04-01";"30.3";"217.4";"123.85";"SE";"P";"W";"EnsoIOD";4;42;2
1252;"1983-05-01";"83.9";"217.3";"150.6";"SE";"P";"W";"EnsoIOD";4;42;2
1262;"1983-06-01";"25.3";"34.6";"29.95";"SE";"P";"D";"EnsoIOD";4;43;3
2592;"1994-07-01";"12.6";"13.6";"13.1";"ME";"P";"D";"EnsoIOD";4;43;3
2602;"1994-08-01";0;"2.7";"1.35";"ME";"P";"D";"EnsoIOD";4;43;3
2612;"1994-09-01";"1.1";"2.7";"1.9";"ME";"P";"D";"EnsoIOD";4;43;3
2622;"1994-10-01";"4.3";"70.8";"37.55";"ME";"P";"W";"EnsoIOD";4;44;4
2632;"1994-11-01";"27.3";"27.5";"27.4";"ME";"P";"W";"EnsoIOD";4;44;4
2642;"1994-12-01";39;"68.4";"53.7";"ME";"P";"W";"EnsoIOD";4;44;4
2652;"1995-01-01";31;"11.1";"21.05";"ME";"P";"D";"EnsoIOD";4;41;1
2662;"1995-02-01";"70.6";"38.8";"54.7";"ME";"P";"D";"EnsoIOD";4;41;1
2672;"1995-03-01";"30.2";"71.9";"51.05";"ME";"P";"W";"EnsoIOD";4;42;2
2682;"1995-04-01";"203.2";508;"355.6";"ME";"P";"W";"EnsoIOD";4;42;2
2692;"1995-05-01";107;"210.9";"158.95";"ME";"P";"W";"EnsoIOD";4;42;2
2702;"1995-06-01";0;"4.1";"2.05";"ME";"P";"D";"EnsoIOD";4;43;3
2952;"1997-07-01";"11.1";"14.7";"12.9";"SE";"P";"D";"EnsoIOD";4;43;3
2962;"1997-08-01";0;"0.6";"0.3";"SE";"P";"D";"EnsoIOD";4;43;3
2972;"1997-09-01";0;1;"0.5";"SE";"P";"D";"EnsoIOD";4;43;3
2982;"1997-10-01";"52.9";"130.5";"91.7";"SE";"P";"W";"EnsoIOD";4;44;4
2992;"1997-11-01";"73.5";"107.2";"90.35";"SE";"P";"W";"EnsoIOD";4;44;4
3002;"1997-12-01";"119.9";"65.7";"92.8";"SE";"P";"W";"EnsoIOD";4;44;4
3012;"1998-01-01";"125.3";"287.2";"206.25";"SE";"P";"D";"EnsoIOD";4;41;1
3022;"1998-02-01";"165.7";"151.2";"158.45";"SE";"P";"D";"EnsoIOD";4;41;1
3032;"1998-03-01";"29.6";"44.4";37;"SE";"P";"W";"EnsoIOD";4;42;2
3042;"1998-04-01";"264.9";422;"343.45";"SE";"P";"W";"EnsoIOD";4;42;2
3052;"1998-05-01";"56.2";"117.8";87;"SE";"P";"W";"EnsoIOD";4;42;2
3062;"1998-06-01";"5.9";"10.4";"8.15";"SE";"P";"D";"EnsoIOD";4;43;3
4032;"2006-07-01";"3.4";10;"6.7";"WE";"P";"D";"EnsoIOD";4;43;3
4042;"2006-08-01";"4.6";"2.9";"3.75";"WE";"P";"D";"EnsoIOD";4;43;3
4052;"2006-09-01";"11.4";"24.2";"17.8";"WE";"P";"D";"EnsoIOD";4;43;3
4062;"2006-10-01";"55.7";"88.4";"72.05";"WE";"P";"W";"EnsoIOD";4;44;4
4072;"2006-11-01";"143.8";"165.6";"154.7";"WE";"P";"W";"EnsoIOD";4;44;4
4082;"2006-12-01";"113.9";"69.2";"91.55";"WE";"P";"W";"EnsoIOD";4;44;4
4092;"2007-01-01";14;"43.8";"28.9";"WE";"P";"D";"EnsoIOD";4;41;1
4102;"2007-02-01";"19.1";"27.1";"23.1";"WE";"P";"D";"EnsoIOD";4;41;1
4112;"2007-03-01";"103.5";"35.2";"69.35";"WE";"P";"W";"EnsoIOD";4;42;2
4122;"2007-04-01";"61.3";"145.8";"103.55";"WE";"P";"W";"EnsoIOD";4;42;2
4132;"2007-05-01";"63.1";"124.4";"93.75";"WE";"P";"W";"EnsoIOD";4;42;2
4142;"2007-06-01";"15.2";"9.3";"12.25";"WE";"P";"D";"EnsoIOD";4;43;3
553;"1977-07-01";"0.9";4;"2.45";"WE";"P";"D";"purestIOD";5;53;3
563;"1977-08-01";"20.2";"27.6";"23.9";"WE";"P";"D";"purestIOD";5;53;3
573;"1977-09-01";"2.6";"11.4";7;"WE";"P";"D";"purestIOD";5;53;3
583;"1977-10-01";"45.9";80;"62.95";"WE";"P";"W";"purestIOD";5;54;4
593;"1977-11-01";"26.1";"50.4";"38.25";"WE";"P";"W";"purestIOD";5;54;4
603;"1977-12-01";"16.6";"15.6";"16.1";"WE";"P";"W";"purestIOD";5;54;4
613;"1978-01-01";"194.4";"71.7";"133.05";"WE";"P";"D";"purestIOD";5;51;1
623;"1978-02-01";"80.6";"62.4";"71.5";"WE";"P";"D";"purestIOD";5;51;1
633;"1978-03-01";"308.3";"320.3";"314.3";"WE";"P";"W";"purestIOD";5;52;2
643;"1978-04-01";"275.4";"250.3";"262.85";"WE";"P";"W";"purestIOD";5;52;2
653;"1978-05-01";"32.6";"117.9";"75.25";"WE";"P";"W";"purestIOD";5;52;2
663;"1978-06-01";"11.3";"25.7";"18.5";"WE";"P";"D";"purestIOD";5;53;3
1271;"1983-07-01";"2.8";"26.9";"14.85";"WL";"P";"D";"purestIOD";5;53;3
1281;"1983-08-01";0;"0.7";"0.35";"WL";"P";"D";"purestIOD";5;53;3
1291;"1983-09-01";0;"3.3";"1.65";"WL";"P";"D";"purestIOD";5;53;3
1301;"1983-10-01";"0.6";"8.8";"4.7";"WL";"P";"W";"purestIOD";5;54;4
1311;"1983-11-01";"13.7";"35.2";"24.45";"WL";"P";"W";"purestIOD";5;54;4
1321;"1983-12-01";"86.6";"67.7";"77.15";"WL";"P";"W";"purestIOD";5;54;4
1331;"1984-01-01";"31.6";"38.7";"35.15";"WL";"P";"D";"purestIOD";5;51;1
1341;"1984-02-01";"2.5";"1.9";"2.2";"WL";"P";"D";"purestIOD";5;51;1
1351;"1984-03-01";"11.6";"13.7";"12.65";"WL";"P";"W";"purestIOD";5;52;2
1361;"1984-04-01";122;"553.5";"337.75";"WL";"P";"W";"purestIOD";5;52;2
1371;"1984-05-01";"38.1";"58.9";"48.5";"WL";"P";"W";"purestIOD";5;52;2
1381;"1984-06-01";"12.1";"72.2";"42.15";"WL";"P";"D";"purestIOD";5;53;3
4033;"2006-07-01";"3.4";10;"6.7";"WE";"P";"D";"purestIOD";5;53;3
4043;"2006-08-01";"4.6";"2.9";"3.75";"WE";"P";"D";"purestIOD";5;53;3
4053;"2006-09-01";"11.4";"24.2";"17.8";"WE";"P";"D";"purestIOD";5;53;3
4063;"2006-10-01";"55.7";"88.4";"72.05";"WE";"P";"W";"purestIOD";5;54;4
4073;"2006-11-01";"143.8";"165.6";"154.7";"WE";"P";"W";"purestIOD";5;54;4
4083;"2006-12-01";"113.9";"69.2";"91.55";"WE";"P";"W";"purestIOD";5;54;4
4093;"2007-01-01";14;"43.8";"28.9";"WE";"P";"D";"purestIOD";5;51;1
4103;"2007-02-01";"19.1";"27.1";"23.1";"WE";"P";"D";"purestIOD";5;51;1
4113;"2007-03-01";"103.5";"35.2";"69.35";"WE";"P";"W";"purestIOD";5;52;2
4123;"2007-04-01";"61.3";"145.8";"103.55";"WE";"P";"W";"purestIOD";5;52;2
4133;"2007-05-01";"63.1";"124.4";"93.75";"WE";"P";"W";"purestIOD";5;52;2
4143;"2007-06-01";"15.2";"9.3";"12.25";"WE";"P";"D";"purestIOD";5;53;3
